topCat_id	TopCatname	firstCat_id	firstCatname	secondCat_id	secondCatname	thirdCat_id	thirdCatname	fouthCat_id	fouthCatname
3000	2-way Radios	3038	Accessories						
3000	2-way Radios	3039	CB Radios						
3000	2-way Radios	3040	FRS Radios						
3000	2-way Radios	3041	GMRS Radios						
3000	2-way Radios	3042	Marine Radios						
3000	2-way Radios	3043	Radio Antennas						
44688	A/V Install	44693	Central Vac						
44688	A/V Install	44689	Home Intercom						
44688	A/V Install	44692	MultiMedia Connectors						
44688	A/V Install	44691	RF Technology						
44688	A/V Install	44690	Wiring						
3001	Accessories	3044	A/V Care	46752	Audio Tape Erasers				
3001	Accessories	3045	A/V Furniture						
3001	Accessories	3046	A/V Switches						
3001	Accessories	3047	Adapters						
3001	Accessories	3048	Antennas						
3001	Accessories	3049	Batteries	3225	Camcorders				
3001	Accessories	3049	Batteries	3226	Cameras				
3001	Accessories	3049	Batteries	3233	Cell Phones				
3001	Accessories	3049	Batteries	3236	chargers				
3001	Accessories	3049	Batteries	3278	Telephones				
3001	Accessories	3050	Cable Management						
3001	Accessories	3051	Cables						
3001	Accessories	3306	Cameras/Camcorders - Accessories						
3001	Accessories	3052	Carrying Cases						
3001	Accessories	3053	CD/DVD Organizers						
3001	Accessories	3054	Cellular	3221	Batteries				
3001	Accessories	3054	Cellular	3222	Belt Clips				
3001	Accessories	3054	Cellular	44670	Bluetooth				
3001	Accessories	3054	Cellular	3228	Car Accessories				
3001	Accessories	3054	Cellular	3229	Cases				
3001	Accessories	3054	Cellular	3237	Chargers & Power Adapters				
3001	Accessories	3054	Cellular	3238	Combo Packs				
3001	Accessories	3054	Cellular	3242	Cradles & Stands				
3001	Accessories	3054	Cellular	3243	Data Connectivity				
3001	Accessories	3054	Cellular	3250	Faceplates				
3001	Accessories	3055	CellularHands Free Products						
3001	Accessories	3056	Media						
3001	Accessories	3057	Memory Stick						
3001	Accessories	3058	Microphones						
3001	Accessories	3059	Miscellaneous						
3001	Accessories	3060	Projection Video Screens						
3001	Accessories	3061	Remotes						
3001	Accessories	3062	RF Modulators						
3001	Accessories	3063	Speaker Mounts						
3001	Accessories	3064	Speaker Selectors						
3001	Accessories	3065	Speaker Stands						
3001	Accessories	3066	Storage Products	3232	CD Storage				
3001	Accessories	3066	Storage Products	3248	DVD Storage				
3001	Accessories	3066	Storage Products	3268	Multimedia Storage				
3001	Accessories	3066	Storage Products	3271	Portable Electronics				
3001	Accessories	3067	Surge Suppressors						
3001	Accessories	3068	Telephone						
3001	Accessories	3070	TV Mounts						
3001	Accessories	3071	UPS Systems						
3001	Accessories	3072	Video Rewinders						
3001	Accessories	3073	Wireless Transmitters						
53466	Audio/Video Devices	53467	Digital Audio/Video Devices	53468	Digital Photo Players				
53466	Audio/Video Devices	53467	Digital Audio/Video Devices	53469	Digital Video Players & Recorders				
53466	Audio/Video Devices	53467	Digital Audio/Video Devices	53470	Portable Multimedia Players & Recorders				
53466	Audio/Video Devices	53471	Music Devices	53472	Digital Drums				
3004	Car AV	3087	Accessories	3219	Antennas				
3004	Car AV	3087	Accessories	3224	Cables/Connectors				
3004	Car AV	3087	Accessories	3227	Capacitors				
3004	Car AV	3087	Accessories	3241	Cooling Fans				
3004	Car AV	3087	Accessories	3251	Filters/Converters				
3004	Car AV	3087	Accessories	3254	Fuse Blocks				
3004	Car AV	3087	Accessories	3259	Interface Modules				
3004	Car AV	3087	Accessories	3265	Miscellaneous				
3004	Car AV	3087	Accessories	3266	Modulators				
3004	Car AV	3087	Accessories	3267	Mounting Kits				
3004	Car AV	3087	Accessories	3272	Power Inverters				
3004	Car AV	3087	Accessories	3282	Wire Harnesses				
3004	Car AV	3088	Amplifiers	3206	2-Channel				
3004	Car AV	3088	Amplifiers	3213	4-Channel				
3004	Car AV	3089	Auto Enhancements						
3004	Car AV	3090	CB & Weather Radios	3216	Accessories				
3004	Car AV	3090	CB & Weather Radios	3273	Radio System				
3004	Car AV	3091	CD Changers	3202	10-Disc				
3004	Car AV	3091	CD Changers	3203	12-Disc				
3004	Car AV	3091	CD Changers	3214	6-Disc				
3004	Car AV	3092	Crossovers/ Equalizers						
3004	Car AV	3093	In-Dash Receivers	3230	Cassette Players				
3004	Car AV	3093	In-Dash Receivers	3231	CD Players				
3004	Car AV	3094	Marine Audio						
3004	Car AV	3095	Mobile Video	3215	A/V Controllers				
3004	Car AV	3095	Mobile Video	3247	DVD Players				
3004	Car AV	3095	Mobile Video	3279	TV Tuners				
3004	Car AV	3095	Mobile Video	3280	VHS Players				
3004	Car AV	3095	Mobile Video	3281	Video Monitors				
3004	Car AV	3095	Mobile Video	3284	Wireless Headphones				
3004	Car AV	3096	Navigation Systems						
3004	Car AV	3097	Satellite Radio						
3004	Car AV	3098	Security Systems	3217	Accessories				
3004	Car AV	3099	Speakers	3239	Component	3289	4"+ Drives		
3004	Car AV	3099	Speakers	3239	Component	3291	5"+ Drives		
3004	Car AV	3099	Speakers	3239	Component	3293	6"+ Drives		
3004	Car AV	3099	Speakers	3239	Component	3304	Tweeters		
3004	Car AV	3099	Speakers	3240	Components				
3004	Car AV	3099	Speakers	3249	Enclosures	3303	Systems		
3004	Car AV	3099	Speakers	3253	Full Range	3288	3"+ Drives		
3004	Car AV	3099	Speakers	3253	Full Range	3290	4"+ Drives		
3004	Car AV	3099	Speakers	3253	Full Range	3292	5"+ Drives		
3004	Car AV	3099	Speakers	3253	Full Range	3294	6"+ Drives		
3004	Car AV	3099	Speakers	3253	Full Range	3298	Empty Enclos.		
3004	Car AV	3099	Speakers	3253	Full Range	3300	Enc		
3004	Car AV	3099	Speakers	3276	Subwoofers	3285	10"+ Subs		
3004	Car AV	3099	Speakers	3276	Subwoofers	3286	12"+ Subs		
3004	Car AV	3099	Speakers	3276	Subwoofers	3287	15"+ Subs		
3004	Car AV	3099	Speakers	3276	Subwoofers	3295	6"+ Subs		
3004	Car AV	3099	Speakers	3276	Subwoofers	3296	8"+ Subs		
3004	Car AV	3099	Speakers	3276	Subwoofers	3299	Empty Enclosures		
3004	Car AV	3099	Speakers	3276	Subwoofers	3301	Powered Subs		
3004	Car AV	3099	Speakers	3276	Subwoofers	3302	Subwoofer Enclosures		
3005	Compasses								
3006	DJ Equipment	3100	Accessories						
3006	DJ Equipment	3101	Amplifiers						
3006	DJ Equipment	3102	Cables						
3006	DJ Equipment	3103	Cartridges						
3006	DJ Equipment	3104	CD Players						
3006	DJ Equipment	3105	Equalizers						
3006	DJ Equipment	3106	Headphones						
3006	DJ Equipment	3107	Microphones						
3006	DJ Equipment	3108	Mixers						
3006	DJ Equipment	3109	Phone Cartridges						
3006	DJ Equipment	3110	Power Conditioners						
3006	DJ Equipment	3111	Speakers						
3006	DJ Equipment	3112	Systems						
3006	DJ Equipment	3113	Turntables						
3007	DVD	3114	DVD Recorders						
3007	DVD	3115	Multi Disc						
3007	DVD	3116	Portable						
3007	DVD	3117	SACD/DVD Audio						
3007	DVD	3118	Single Disc						
3008	DVD Players	3119	Networked DVD Players						
37183	Electronic Scales								
29808	Entertainment Gateways								
3009	Gadgets								
3010	GPS	3120	Accessories						
3011	Headphones	3121	Noise Canceling						
3011	Headphones	3122	Wired Full Size						
3011	Headphones	3123	Wired Mini						
3011	Headphones	3124	Wireless IR						
3011	Headphones	3125	Wireless RF						
3012	Home Audio	53487	 Table & HD Radio						
3012	Home Audio	3126	Amplifiers						
3012	Home Audio	3127	CD Players						
3012	Home Audio	3128	CD Recorders						
3012	Home Audio	3129	Digital Audio Recorder						
3012	Home Audio	3130	Equalizers						
3012	Home Audio	3131	Home Theater						
3012	Home Audio	3132	Mini Systems						
3012	Home Audio	3133	Pre Amps						
3012	Home Audio	3134	Receivers						
3012	Home Audio	3135	Speakers	3223	Bookshelf/Sats				
3012	Home Audio	3135	Speakers	3234	Center Channel				
3012	Home Audio	3135	Speakers	3245	Desktop/Powered				
3012	Home Audio	3135	Speakers	3252	Floorstanding				
3012	Home Audio	3135	Speakers	3258	Indoor/Outdoor				
3012	Home Audio	3135	Speakers	3260	Inwall	3297	Ceiling		
3012	Home Audio	3135	Speakers	3269	Outdoor				
3012	Home Audio	3135	Speakers	3274	Rear/Surrounds				
3012	Home Audio	3135	Speakers	3275	Speaker Systems				
3012	Home Audio	3135	Speakers	3277	Subwoofers				
3012	Home Audio	3135	Speakers	3283	Wireless				
3012	Home Audio	3136	Tape Decks						
3012	Home Audio	3137	Turntables						
3013	Household	3307	Accessories						
3013	Household	3138	Kitchen						
3013	Household	3139	Lawn & Garden						
3013	Household	3140	Outdoor						
3013	Household	3141	Power Tools						
3014	Karaoke								
3015	MP3 Devices	3308	Accessories						
3016	Music Keyboards	3142	Accessories						
25018	New Releases								
3017	Observation	3143	Accessories						
3017	Observation	3144	Digital Monitoring Systems						
3017	Observation	3145	Observation Systems						
3017	Observation	3146	Security Cameras						
3017	Observation	3147	Time Lapse Video Recorders						
3017	Observation	3148	Wireless Observation Systems						
3018	Optics	3150	Night Vision						
3019	Organizers								
3020	PDA								
44686	Personal Care								
37415	Photography	3149	Binoculars	53595	Binocular Accessories				
37415	Photography	3305	Cameras/Camcorders	3002	Camcorders	3074	8mm/Hi8		
37415	Photography	3305	Cameras/Camcorders	3002	Camcorders	3075	Camcorder Bags		
37415	Photography	3305	Cameras/Camcorders	3002	Camcorders	3076	Digital		
37415	Photography	3305	Cameras/Camcorders	3002	Camcorders	3077	Lights		
37415	Photography	3305	Cameras/Camcorders	3002	Camcorders	3078	Post Production		
37415	Photography	3305	Cameras/Camcorders	3002	Camcorders	3080	VHS-C		
37415	Photography	3305	Cameras/Camcorders	3002	Camcorders	3081	Video Monitors		
37415	Photography	3305	Cameras/Camcorders	3003	Cameras	3082	35mm/APS	49033	35mm Disposable Cameras
37415	Photography	3305	Cameras/Camcorders	3003	Cameras	3082	35mm/APS	49028	35mm Point & Shoot Cameras
37415	Photography	3305	Cameras/Camcorders	3003	Cameras	3082	35mm/APS	49027	35mm Rangefinder Cameras
37415	Photography	3305	Cameras/Camcorders	3003	Cameras	3082	35mm/APS	49026	35mm SLR Cameras
37415	Photography	3305	Cameras/Camcorders	3003	Cameras	3082	35mm/APS	49029	APS Cameras
37415	Photography	3305	Cameras/Camcorders	3003	Cameras	3083	Accessories	49025	Digital Cameras & Accessories
37415	Photography	3305	Cameras/Camcorders	3003	Cameras	3083	Accessories	49036	Universal Camera Accessories
37415	Photography	3305	Cameras/Camcorders	3003	Cameras	49018	Albums & Storage		
37415	Photography	3305	Cameras/Camcorders	3003	Cameras	49022	Bags & Cases		
37415	Photography	3305	Cameras/Camcorders	3003	Cameras	46887	Camera/Printer Bundles		
37415	Photography	3305	Cameras/Camcorders	3003	Cameras	3084	Digital	52390	3 megapixel and below
37415	Photography	3305	Cameras/Camcorders	3003	Cameras	3084	Digital	52391	4 megapixel
37415	Photography	3305	Cameras/Camcorders	3003	Cameras	3084	Digital	52392	5 megapixel
37415	Photography	3305	Cameras/Camcorders	3003	Cameras	3084	Digital	52393	6 megapixel
37415	Photography	3305	Cameras/Camcorders	3003	Cameras	3084	Digital	52394	7 megapixel
37415	Photography	3305	Cameras/Camcorders	3003	Cameras	3084	Digital	52395	8 megapixel
37415	Photography	3305	Cameras/Camcorders	3003	Cameras	3084	Digital	52396	9+
37415	Photography	3305	Cameras/Camcorders	3003	Cameras	3084	Digital	52397	SLR
37415	Photography	3305	Cameras/Camcorders	3003	Cameras	41268	Digital/Web (PC-CAM) Cameras		
37415	Photography	3305	Cameras/Camcorders	3003	Cameras	49013	Flash/Lighting		
37415	Photography	3305	Cameras/Camcorders	3003	Cameras	49034	Instant Cameras		
37415	Photography	3305	Cameras/Camcorders	3003	Cameras	49032	Large Format & Specialty Cameras	52511	Camera Accessories
37415	Photography	3305	Cameras/Camcorders	3003	Cameras	49032	Large Format & Specialty Cameras	52512	Cameras
37415	Photography	3305	Cameras/Camcorders	3003	Cameras	49032	Large Format & Specialty Cameras	52513	General Accessories
37415	Photography	3305	Cameras/Camcorders	3003	Cameras	49032	Large Format & Specialty Cameras	52514	Lens Accessories
37415	Photography	3305	Cameras/Camcorders	3003	Cameras	49032	Large Format & Specialty Cameras	52515	Lenses
37415	Photography	3305	Cameras/Camcorders	3003	Cameras	49032	Large Format & Specialty Cameras	52516	Macro & Close-up
37415	Photography	3305	Cameras/Camcorders	3003	Cameras	49032	Large Format & Specialty Cameras	52517	Viewfinders
37415	Photography	3305	Cameras/Camcorders	3003	Cameras	49032	Large Format & Specialty Cameras	52518	Viewing Accessories
37415	Photography	3305	Cameras/Camcorders	3003	Cameras	49024	Lenses & Accessories		
37415	Photography	3305	Cameras/Camcorders	3003	Cameras	49030	Medium Format Film & Digital Cameras		
37415	Photography	3305	Cameras/Camcorders	3003	Cameras	3085	One-Time-Use		
37415	Photography	3305	Cameras/Camcorders	3003	Cameras	49035	Panorama Cameras		
37415	Photography	3305	Cameras/Camcorders	3003	Cameras	49015	Photo Essentials		
37415	Photography	3305	Cameras/Camcorders	3003	Cameras	3086	Photo Printers	3270	Photo-Grade Paper
37415	Photography	3305	Cameras/Camcorders	3003	Cameras	49031	View Cameras		
37415	Photography	3305	Cameras/Camcorders	3003	Cameras	41267	Web Cameras		
37415	Photography	49020	Darkroom	52482	Developing & Processing				
37415	Photography	49020	Darkroom	52483	Enlargers & Accessories				
37415	Photography	49020	Darkroom	52484	Photo Chemicals				
37415	Photography	49020	Darkroom	52485	Photo Enlarging Paper				
37415	Photography	49020	Darkroom	52486	Retouching & Hand Coloring				
37415	Photography	49020	Darkroom	52487	Safelights & Darkroom Setup				
37415	Photography	49020	Darkroom	52488	Sinks & Accessories				
37415	Photography	52489	Film & Storage	49019	Film Accessories				
37415	Photography	52489	Film & Storage	52491	Other Film Formats				
37415	Photography	52489	Film & Storage	52492	Polaroid & Instant				
37415	Photography	52489	Film & Storage	52493	Print				
37415	Photography	52489	Film & Storage	52494	Slide				
37415	Photography	52489	Film & Storage	52495	Special Application				
37415	Photography	52489	Film & Storage	52496	Storage & Presentation				
37415	Photography	52497	Filters & Accessories	53604	14x18"				
37415	Photography	52497	Filters & Accessories	52498	3x3"				
37415	Photography	52497	Filters & Accessories	52499	4x4"				
37415	Photography	52497	Filters & Accessories	53603	6x6"				
37415	Photography	52497	Filters & Accessories	53605	Center				
37415	Photography	52497	Filters & Accessories	52500	Filter Accessories				
37415	Photography	52497	Filters & Accessories	52501	Filter Holders & Accessories				
37415	Photography	52497	Filters & Accessories	49014	Filter Sets				
37415	Photography	52497	Filters & Accessories	53606	Panoramic				
37415	Photography	52497	Filters & Accessories	52503	Rectangular, Vignetters & Shades				
37415	Photography	52497	Filters & Accessories	52504	Round Threaded, Bayonet & Series				
37415	Photography	53618	Flashes	53623	Brackets & Accessories				
37415	Photography	53618	Flashes	53624	Built-in Slave & Accessories				
37415	Photography	53618	Flashes	53619	Dedicated				
37415	Photography	53618	Flashes	53622	Flash Accessories				
37415	Photography	53618	Flashes	53620	Non-Dedicated				
37415	Photography	53618	Flashes	53621	Ringlights & Macro				
37415	Photography	52505	General Photo Equipment	52506	Copy & Duping				
37415	Photography	52505	General Photo Equipment	52507	Light Meters				
37415	Photography	52505	General Photo Equipment	52508	Lightboxes, Loupes & Viewers				
37415	Photography	52505	General Photo Equipment	52509	Optical Cleaning Supplies				
37415	Photography	52519	Lighting	52520	AC Power Supplies & Heads				
37415	Photography	52519	Lighting	52521	Battery Powered Strobe				
37415	Photography	52519	Lighting	52522	Fluorescent				
37415	Photography	52519	Lighting	53617	HMI				
37415	Photography	52519	Lighting	52523	Monolights & AC Strobes				
37415	Photography	52519	Lighting	52524	Other Lighting Accessories				
37415	Photography	52519	Lighting	52525	Tungsten				
37415	Photography	52478	Monoculars	53596	Monocular Accessories				
37415	Photography	52559	Professional Video	52560	Batteries & Power				
37415	Photography	52559	Professional Video	52561	Camcorder Accessories				
37415	Photography	52559	Professional Video	52562	Camcorders				
37415	Photography	52559	Professional Video	52563	CCD Accessories				
37415	Photography	52559	Professional Video	52564	CCD Lenses				
37415	Photography	52559	Professional Video	52565	General Video Accessories				
37415	Photography	52559	Professional Video	52566	General Video Equipment				
37415	Photography	52559	Professional Video	52567	Lenses & Accessories				
37415	Photography	52559	Professional Video	52568	Network/Surveillance Cameras				
37415	Photography	52559	Professional Video	52569	On Camera Lighting				
37415	Photography	52559	Professional Video	52570	Video Media				
37415	Photography	53625	Scopes & Rangefinders	53627	Accessories				
37415	Photography	53625	Scopes & Rangefinders	53626	Eyepieces				
37415	Photography	53625	Scopes & Rangefinders	3151	Rangefinders				
37415	Photography	53625	Scopes & Rangefinders	53628	Riflescopes				
37415	Photography	53625	Scopes & Rangefinders	3152	Spotting Scopes				
37415	Photography	3153	Telescopes and Microscopes	53601	Astrophotography				
37415	Photography	3153	Telescopes and Microscopes	53599	Eyepieces, Finders & Accessories				
37415	Photography	3153	Telescopes and Microscopes	53597	Microscopes & Accessories				
37415	Photography	3153	Telescopes and Microscopes	53600	Mounts, Drives & Accessories				
37415	Photography	3153	Telescopes and Microscopes	53602	Other Telescope Accessories				
37415	Photography	3153	Telescopes and Microscopes	53598	Telescopes				
37415	Photography	3069	Tripods	53613	Camcorder Support & Heads				
37415	Photography	3069	Tripods	53616	Camcorder Tripod Accessories				
37415	Photography	3069	Tripods	53612	Camera Mounts, Stands & Clamps				
37415	Photography	3069	Tripods	53610	Camera Tripod Accessories				
37415	Photography	3069	Tripods	53609	Monopods & Accessories				
37415	Photography	3069	Tripods	53611	Quick Release System				
37415	Photography	3069	Tripods	53615	Spreader & Dollies				
37415	Photography	3069	Tripods	53614	Stabilizers & Shoulder Brackets				
37415	Photography	3069	Tripods	53608	Tripod Heads				
37415	Photography	3069	Tripods	53607	Tripods				
37415	Photography	49021	Underwater Equipment	53587	Camera & Lens Accessories				
37415	Photography	49021	Underwater Equipment	53585	Cameras				
37415	Photography	49021	Underwater Equipment	53588	Housings				
37415	Photography	49021	Underwater Equipment	53589	Lenses				
37415	Photography	49021	Underwater Equipment	53586	O Rings				
37415	Photography	49021	Underwater Equipment	53591	Other Underwater Equipment				
37415	Photography	49021	Underwater Equipment	53590	Strobes				
37415	Photography	52480	Underwater Equipment Accessories	53592	Housing Accessories				
37415	Photography	52480	Underwater Equipment Accessories	53594	Lens Accessories				
37415	Photography	52480	Underwater Equipment Accessories	53593	Strobe Accessories				
3021	Portable Audio	3154	Boomboxes						
3021	Portable Audio	3155	Clock Radios						
3021	Portable Audio	3156	Headphones						
3021	Portable Audio	3157	MiniDisc						
3021	Portable Audio	3158	Personal CD						
3021	Portable Audio	3159	Personal Speakers						
3021	Portable Audio	3160	Personal Stereo						
3021	Portable Audio	3161	Voice Recorder						
3021	Portable Audio	3162	World Band						
3022	Power Inverters	3163	Generators						
3023	Projector Accessories								
3024	Radar Detectors								
3025	ReplayTV								
44687	Satellite Accessories								
3026	Scanners								
3027	Sirius	3164	XM Radio						
3028	Sirius Radio	3165	Accessories						
3029	Telephones	3166	Answering Machines						
3029	Telephones	3167	Answering Systems Cordless						
3029	Telephones	3168	Basic Cordless						
3029	Telephones	3169	Caller ID Cordless						
3029	Telephones	3170	Caller ID Units						
3029	Telephones	3171	Conference Solutions						
3029	Telephones	3172	Corded	3220	Basic				
3029	Telephones	3172	Corded	3235	Character/Novelty				
3029	Telephones	3172	Corded	3244	Desktop				
3029	Telephones	3173	Multi-Handset Cordless						
3029	Telephones	3174	Multi-Line Cordless						
3029	Telephones	46753	Telephone Cords & Connectors						
3029	Telephones	46754	Telephone Shoulder Rests						
3030	Televisions	3175	25 to 27-inch						
3030	Televisions	3176	32 to 36-inch						
3030	Televisions	3177	5 to 24-inch						
3030	Televisions	47211	DLP TV						
3030	Televisions	3178	HDTV Tuners						
3030	Televisions	3179	LCD & DLP Projectors						
3030	Televisions	3180	LCD Displays						
3030	Televisions	3181	Plasma Displays						
3030	Televisions	3182	Portable						
3030	Televisions	3183	Projection						
3030	Televisions	3184	Projection Video Screens						
3031	TiVo								
3033	TV and HDTV	3185	Analog Direct View TVs	3204	13” and Under				
3033	TV and HDTV	3185	Analog Direct View TVs	3205	14” to 20”
				
3033	TV and HDTV	3185	Analog Direct View TVs	3208	21” to 30”				
3033	TV and HDTV	3185	Analog Direct View TVs	3211	31” to 36”				
3033	TV and HDTV	3186	EDTV Plasma TVs						
3033	TV and HDTV	3187	HDTV Direct View TVs	3210	26” to 30”				
3033	TV and HDTV	3187	HDTV Direct View TVs	3212	31” to 40”				
3033	TV and HDTV	3188	HDTV Plasma TVs						
3033	TV and HDTV	3189	LCD TVs	3262	LCD 13” and Under				
3033	TV and HDTV	3189	LCD TVs	3263	LCD 14” to 30”				
3033	TV and HDTV	3189	LCD TVs	3264	LCD 31” and Larger				
3033	TV and HDTV	3190	Projection TVs	3218	Analog				
3033	TV and HDTV	3190	Projection TVs	3255	HDTV				
3033	TV and HDTV	3190	Projection TVs	3256	HDTV DLP				
3033	TV and HDTV	3190	Projection TVs	3257	HDTV LCD				
3033	TV and HDTV	3191	Projectors	3246	DLP				
3033	TV and HDTV	3191	Projectors	3261	LCD				
3033	TV and HDTV	3192	TV/DVD Combos	3207	20” and Under				
3033	TV and HDTV	3192	TV/DVD Combos	3209	24” and Larger				
3033	TV and HDTV	3193	TV/DVD/VCR Combos						
3032	TV/DVD Combo								
3034	Unique Gifts								
3035	VCR	3194	Dual Decks						
3035	VCR	3195	HiFi Stereo						
3035	VCR	3196	Mono						
3035	VCR	3197	S-VHS						
3035	VCR	3198	VCR/DVD Combo						
3035	VCR	3199	World Wide						
3036	Wireless	3200	Accessories						
3037	XM Radio	3201	Accessories						
